specimen	pos	base	copies	mapq	base_quality	flag
specimen-a	10	A	6	60	30	0
specimen-a	10	C	4	60	30	0
specimen-a	30	A	9	60	30	0
specimen-a	30	T	1	60	30	0
specimen-a	40	A	10	60	30	0
specimen-a	40	C	2	60	30	0
specimen-b	10	A	8	60	30	0
specimen-b	10	C	1	60	30	0
specimen-b	10	C	1	60	30	1024
specimen-b	10	C	1	10	30	0
specimen-b	10	C	1	60	10	0
specimen-b	10	N	1	60	30	0
specimen-b	20	A	8	60	30	0
specimen-b	20	G	4	60	30	0
specimen-b	30	A	5	60	30	0
specimen-b	30	T	5	60	30	0
specimen-b	40	A	7	60	30	0
specimen-b	40	C	3	60	30	0
specimen-c	10	A	10	60	30	0
specimen-c	20	A	3	60	30	0
